id,true_cluster,Y1,Y2,Y3
1,2,1,8,3
2,1,8,2,16
3,1,6,3,9
4,1,9,1,6
5,1,4,3,13
6,2,2,5,4
7,2,3,6,1
8,1,4,4,8
9,2,0,3,3
10,2,1,10,2
11,2,1,7,2
12,1,7,0,10
13,2,0,5,7
14,1,2,2,13
15,2,0,7,3
16,2,1,7,2
17,2,1,5,2
18,1,8,1,12
19,2,2,7,0
20,2,1,8,3
21,1,9,1,5
22,1,8,0,10
23,2,0,8,0
24,2,0,7,8
25,1,7,1,7
26,1,7,1,12
27,2,1,4,5
28,2,1,3,4
29,2,2,6,4
30,2,1,8,3
31,2,0,4,6
32,2,0,8,3
33,1,10,5,11
34,2,3,7,4
35,2,0,4,5
36,1,1,3,12
37,2,1,10,2
38,2,1,5,4
39,1,4,0,7
40,2,0,10,4
41,1,10,1,8
42,2,3,9,2
43,1,3,3,9
44,2,5,6,4
45,1,8,3,7
46,1,5,4,12
47,1,4,2,14
48,1,4,2,11
49,2,0,6,4
50,2,0,4,1
51,1,5,4,10
52,1,4,1,6
53,1,5,3,10
54,1,5,1,11
55,2,1,6,2
56,2,1,4,1
57,2,1,7,2
58,2,2,10,2
59,1,4,4,8
60,2,1,4,4
61,2,0,9,1
62,2,1,7,2
63,2,1,5,3
64,2,1,2,2
65,1,7,3,12
66,1,8,1,7
67,2,0,10,6
68,2,0,6,3
69,2,1,6,1
70,2,1,9,1
71,2,1,7,3
72,2,2,2,1
73,2,1,8,3
74,2,1,4,3
75,1,5,2,11
76,2,1,10,6
77,2,0,14,4
78,2,2,7,1
79,2,1,3,3
80,1,7,0,6
81,1,4,0,10
82,2,0,5,3
83,1,3,0,8
84,2,1,8,2
85,1,4,5,12
86,2,1,6,4
87,2,2,7,5
88,1,1,1,5
89,2,3,2,5
90,1,3,1,13
91,2,0,7,1
92,2,4,12,3
93,2,2,4,2
94,1,7,1,6
95,1,3,2,10
96,2,3,6,3
97,1,1,2,13
98,2,0,6,4
99,1,3,1,2
100,1,3,2,10
101,2,3,5,5
102,2,1,7,4
103,2,0,6,3
104,1,6,2,12
105,1,2,2,12
106,2,0,9,5
107,2,0,1,3
108,1,5,4,7
109,2,0,9,5
110,1,4,2,14
111,2,2,9,3
112,1,0,2,6
113,1,8,0,8
114,1,7,1,12
115,1,4,4,5
116,1,4,1,8
117,2,0,7,3
118,2,0,8,4
119,2,1,6,2
120,1,7,1,4
121,2,1,4,0
122,2,2,11,3
123,2,1,9,5
124,2,0,7,3
125,1,4,0,6
126,1,3,1,6
127,2,1,8,2
128,2,0,8,3
129,1,9,1,12
130,1,7,1,11
131,2,0,7,3
132,2,3,4,3
133,1,2,2,10
134,1,2,2,4
135,2,0,1,6
136,2,1,10,1
137,1,7,0,8
138,2,2,5,4
139,1,4,2,8
140,1,6,1,8
141,2,2,7,2
142,1,2,4,7
143,2,1,8,4
144,1,3,3,10
145,1,6,3,7
146,2,0,9,4
147,2,1,7,2
148,2,0,6,6
149,1,7,0,10
150,1,1,3,7
151,1,4,1,6
152,1,5,1,10
153,2,1,8,5
154,1,5,5,10
155,2,0,3,5
156,2,1,7,1
157,2,1,8,4
158,1,8,8,7
159,2,1,8,1
160,2,2,7,0
161,1,5,1,9
162,2,1,6,1
163,1,2,0,9
164,1,2,1,8
165,1,9,1,9
166,2,0,7,2
167,1,8,5,9
168,2,0,9,6
169,1,4,0,5
170,2,1,11,2
171,1,4,1,13
172,2,0,2,3
173,2,2,15,1
174,1,8,3,10
175,2,2,5,1
176,2,2,6,2
177,2,1,2,4
178,2,5,12,1
179,2,0,2,3
180,2,1,8,3
181,2,0,4,2
182,1,7,3,18
183,2,1,3,6
184,1,4,1,9
185,1,5,1,5
186,2,0,6,0
187,1,4,4,10
188,1,3,3,11
189,2,2,6,4
190,2,3,3,5
191,2,1,6,2
192,2,2,9,4
193,2,2,9,2
194,2,1,10,5
195,2,2,4,0
196,1,3,3,11
197,1,3,2,5
198,1,4,2,11
199,1,2,2,15
200,1,7,2,8
201,2,1,11,3
202,1,4,1,13
203,2,1,3,1
204,2,1,10,4
205,1,1,4,13
206,1,2,0,9
207,1,2,1,8
208,2,0,7,3
209,2,2,13,2
210,1,6,2,9
211,2,1,8,8
212,1,4,3,7
213,1,5,1,12
214,2,0,4,2
215,2,2,4,1
216,1,4,0,2
217,1,4,2,14
218,2,1,4,6
219,2,0,6,2
220,2,2,5,5
221,2,2,2,4
222,1,3,1,7
223,2,1,8,5
224,2,1,10,5
225,2,2,10,3
226,2,2,9,5
227,1,8,2,9
228,1,5,1,7
229,1,4,1,8
230,2,0,6,2
231,2,1,3,2
232,2,0,9,2
233,2,1,4,5
234,2,2,7,3
235,2,1,7,7
236,2,1,10,3
237,1,5,1,9
238,2,2,6,2
239,2,0,3,5
240,2,3,10,3
241,2,0,11,5
242,2,1,7,2
243,1,4,0,7
244,1,7,3,11
245,1,5,1,8
246,2,0,10,3
247,2,1,7,2
248,1,3,3,11
249,1,10,0,9
250,1,4,3,12
251,2,0,6,2
252,2,0,5,2
253,2,2,10,1
254,2,1,9,1
255,2,3,4,4
256,1,5,2,8
257,2,1,5,2
258,1,2,3,10
259,2,1,6,4
260,2,0,5,6
261,2,1,5,5
262,1,3,0,12
263,1,1,2,10
264,2,3,8,8
265,1,6,1,9
266,1,3,2,14
267,1,0,1,13
268,2,2,10,4
269,2,0,7,5
270,1,6,3,8
271,2,0,9,4
272,1,5,3,8
273,1,3,2,11
274,2,3,6,3
275,1,5,3,9
276,2,3,13,4
277,1,4,2,13
278,1,0,4,8
279,2,0,11,2
280,2,0,6,1
281,2,1,10,5
282,2,1,9,1
283,1,3,3,10
284,1,6,1,14
285,1,3,1,11
286,1,3,4,6
287,1,9,3,13
288,1,8,1,9
289,2,0,4,5
290,2,0,5,7
291,2,2,12,2
292,2,3,4,2
293,2,2,5,2
294,2,0,2,3
295,2,1,5,2
296,2,3,8,2
297,1,4,1,9
298,2,1,4,4
299,1,7,1,8
300,2,0,10,5
301,1,6,0,9
302,2,0,5,5
303,2,0,7,0
304,2,1,12,6
305,1,1,4,8
306,2,1,7,3
307,1,6,2,11
308,2,0,8,7
309,1,3,0,12
310,2,1,5,3
311,1,3,2,7
312,2,2,6,2
313,1,7,0,12
314,1,4,2,9
315,2,2,2,3
316,1,1,2,7
317,2,0,11,2
318,2,0,10,2
319,2,1,4,4
320,2,0,6,1
321,2,2,5,4
322,1,4,1,9
323,1,4,2,11
324,2,0,4,3
325,2,1,7,3
326,2,0,9,2
327,1,6,0,8
328,2,1,8,2
329,2,2,9,5
330,1,3,3,12
331,2,0,7,0
332,1,5,1,12
333,1,6,3,10
334,2,1,9,6
335,2,0,4,2
336,2,2,9,2
337,2,3,12,4
338,2,0,10,3
339,2,1,7,2
340,2,0,7,2
341,1,5,5,4
342,2,1,4,0
343,2,1,7,3
344,1,5,3,10
345,1,6,1,3
346,1,4,2,15
347,1,5,3,13
348,1,6,3,9
349,1,4,3,9
350,2,1,1,3
351,1,2,3,10
352,2,1,10,2
353,2,0,4,4
354,1,8,3,10
355,1,4,2,7
356,2,0,11,2
357,2,1,8,4
358,1,8,5,10
359,2,0,2,2
360,2,0,7,3
361,2,3,10,7
362,1,2,2,10
363,1,7,0,11
364,1,4,1,6
365,2,0,6,1
366,1,7,1,8
367,1,2,1,6
368,2,1,4,4
369,2,1,9,2
370,2,1,5,5
371,1,8,0,18
372,1,6,0,8
373,1,9,4,11
374,2,2,4,4
375,1,6,2,8
376,2,1,4,2
377,2,2,11,5
378,1,3,1,13
379,2,1,8,7
380,2,0,7,5
381,2,1,1,2
382,2,1,7,3
383,2,0,9,4
384,2,1,11,5
385,1,4,0,7
386,1,7,6,10
387,1,3,2,6
388,1,5,2,8
389,2,1,8,3
390,2,0,13,5
391,1,4,5,12
392,1,2,0,6
393,2,1,8,5
394,2,0,7,2
395,1,6,3,7
396,2,0,6,1
397,2,0,8,2
398,2,1,4,3
399,2,1,11,1
400,2,0,10,3
401,1,5,1,8
402,1,0,2,11
403,1,6,0,7
404,2,1,7,2
405,2,2,5,0
406,2,1,8,1
407,2,0,5,3
408,2,1,7,1
409,2,1,2,1
410,2,2,5,3
411,2,1,4,1
412,2,0,7,3
413,1,5,2,10
414,2,0,8,7
415,2,0,7,4
416,1,4,2,5
417,2,1,8,3
418,1,4,2,9
419,2,0,5,2
420,2,1,3,5
421,1,4,2,9
422,2,1,12,2
423,2,1,3,2
424,2,1,5,1
425,1,4,3,9
426,1,1,3,9
427,2,0,6,3
428,2,0,5,0
429,2,1,4,2
430,1,4,3,16
431,1,10,0,8
432,2,1,11,3
433,2,1,5,3
434,2,1,8,4
435,2,6,9,1
436,2,2,3,3
437,1,3,0,8
438,1,6,3,11
439,2,0,6,2
440,2,0,7,3
441,2,2,10,3
442,2,0,9,0
443,2,2,7,4
444,2,1,4,4
445,2,3,5,2
446,2,1,3,3
447,2,0,4,0
448,2,3,11,4
449,1,3,2,9
450,2,2,5,2
451,2,0,8,5
452,1,3,2,17
453,1,5,0,8
454,2,1,4,2
455,1,3,5,13
456,2,1,11,3
457,2,2,12,4
458,2,2,6,4
459,2,2,6,4
460,1,6,2,5
461,2,1,5,3
462,2,0,10,0
463,1,4,3,13
464,2,3,5,1
465,1,6,1,12
466,1,4,3,9
467,2,0,6,2
468,2,1,10,4
469,2,2,4,5
470,2,0,10,3
471,2,1,6,3
472,1,1,0,9
473,2,0,8,3
474,1,4,4,11
475,2,1,10,1
476,2,1,9,2
477,1,4,1,9
478,2,1,6,3
479,2,1,12,0
480,2,0,5,2
481,1,4,2,11
482,2,0,10,3
483,2,0,6,1
484,1,5,2,9
485,2,0,8,5
486,1,6,2,5
487,2,0,6,3
488,2,2,6,6
489,2,0,8,5
490,2,2,6,1
491,2,2,3,3
492,2,0,9,2
493,1,3,1,9
494,2,1,5,1
495,2,1,7,5
496,2,0,6,4
497,1,3,2,12
498,1,9,0,5
499,2,0,9,1
500,1,3,2,12
